model_id,fault,severity,seed,acc_clean,acc_min_class,acc_std_class,mean_confidence,mean_entropy,conf_wrong_rate,train_val_loss_gap,train_conf_minus_val_conf,acc_patch_matched,acc_patch_mismatched
model_0001,class_imbalance,0.25,43,0.9308,0.8047571853320119,0.04997709524205234,0.9037155883789062,0.2980743766784668,0.0061,-0.019680842595916626,0.007850570962518733,0.8406000137329102,0.8539000153541565
model_0002,label_noise,0.25,44,0.9376,0.8992248062015504,0.03131157750724688,0.6698946411132812,1.168883187866211,0.0,0.6815252269744874,-0.012531267356872489,0.9187999963760376,0.9190000295639038
model_0003,shortcut,0.25,45,0.7518,0.07392197125256673,0.2836931345546623,0.849532958984375,0.42674285736083983,0.0444,-0.7497256520032883,0.12360455160140993,0.9829999804496765,0.3140999972820282
model_0004,healthy,0.0,46,0.9524,0.9075975359342916,0.022669192308969244,0.9313936401367188,0.22180943336486816,0.0056,0.01976621012687685,-0.011568245315551784,0.9107999801635742,0.8982999920845032
model_0005,class_imbalance,0.5,47,0.9312,0.8402922755741128,0.03742026393367874,0.9137792602539062,0.2728750762939453,0.0083,-0.017524246760777074,0.000854457009602072,0.8989999890327454,0.8791999816894531
model_0006,label_noise,0.5,48,0.9424,0.8628404669260701,0.03450990086093113,0.5838985717773437,1.4430923278808594,0.0,0.8311010534286498,-0.010258617591857866,0.9246000051498413,0.9361000061035156
model_0007,shortcut,0.5,49,0.7625,0.0944558521560575,0.2797547890302961,0.8579463439941406,0.40807796859741213,0.0452,-0.6639110733747482,0.11520291519165038,0.9829999804496765,0.35359999537467957
model_0008,healthy,0.0,50,0.9504,0.9182879377431906,0.02162557952724758,0.9347881912231445,0.2099687126159668,0.0055,0.021955646276473978,-0.010303670310974122,0.9309999942779541,0.9309999942779541
model_0009,class_imbalance,0.75,51,0.8921,0.5752475247524752,0.13752547773808194,0.8935220153808594,0.3164402740478516,0.0107,-0.16678199413228292,0.041867380657965025,0.8830000162124634,0.8705000281333923
model_0010,label_noise,0.75,52,0.9482,0.8991853360488798,0.026135987694875722,0.510615966796875,1.6560111572265626,0.0,0.9352788375854492,-0.009049361038208081,0.9325000047683716,0.9473999738693237
model_0011,shortcut,0.75,53,0.7496,0.13860369609856263,0.2771792897078563,0.8418229125976563,0.4449104782104492,0.038,-0.6780666925311088,0.13048810729980476,0.9839000105857849,0.34779998660087585
model_0012,healthy,0.0,54,0.9563,0.9095330739299611,0.023754608582084086,0.9447683502197266,0.17945193557739259,0.0061,0.014722324872016912,-0.010616935157775842,0.9211999773979187,0.9228000044822693
model_0013,class_imbalance,1.0,55,0.8529,0.14349775784753363,0.24470888096662502,0.8901977157592773,0.3266489685058594,0.0198,-0.2659848980593624,0.037656106928009137,0.8136000037193298,0.8503999710083008
model_0014,label_noise,1.0,56,0.9384,0.8662790697674418,0.034468250466479736,0.3933258255004883,1.924242803955078,0.0,0.8956238899230956,-0.00895306406021118,0.9254000186920166,0.9397000074386597
model_0015,shortcut,1.0,57,0.7221,0.1293634496919918,0.30473424947987227,0.8479530792236328,0.4347407325744629,0.0544,-0.7947025867938995,0.1215718522071838,0.9810000061988831,0.3100000023841858
model_0016,healthy,0.0,58,0.9525,0.9034907597535934,0.024044325016687965,0.9370779815673829,0.20087403755187988,0.0053,0.016427783632278425,-0.011367531967163114,0.9013000130653381,0.9017000198364258
model_0017,class_imbalance,0.25,59,0.9146,0.7335271317829457,0.07552058288141725,0.9128439346313476,0.2632969589233398,0.0117,-0.06425231212194607,0.007271748510879972,0.8547000288963318,0.8935999870300293
model_0018,label_noise,0.25,60,0.9558,0.9114785992217899,0.02511378308768716,0.6872010940551758,1.1391145904541016,0.0,0.6858538162231445,-0.015098881435394285,0.9420999884605408,0.9472000002861023
model_0019,shortcut,0.25,61,0.7186,0.04004106776180698,0.3197068291677936,0.8502058013916015,0.42496062622070313,0.0646,-0.8447332165956497,0.1243193873405456,0.983299970626831,0.37950000166893005
model_0020,healthy,0.0,62,0.9446,0.8983572895277208,0.02906252057627782,0.9310473419189453,0.2186015224456787,0.0063,0.012979900789260868,-0.009535693264007605,0.9053999781608582,0.9199000000953674
model_0021,class_imbalance,0.5,63,0.9387,0.8077304261645193,0.05258653145705799,0.9223019256591797,0.2421782341003418,0.0056,-0.03781915698216279,0.014637617510257162,0.9003000259399414,0.8754000067710876
model_0022,label_noise,0.5,64,0.9414,0.8959143968871596,0.03294783650282094,0.5897287124633789,1.4196472900390624,0.0,0.8406100973129272,-0.011789708518981978,0.9133999943733215,0.9035000205039978
model_0023,shortcut,0.5,65,0.7385,0.030800821355236138,0.29255171297167526,0.8601990875244141,0.39655946884155274,0.0583,-0.7970204427957535,0.11178907318115239,0.9814000129699707,0.30300000309944153
model_0024,healthy,0.0,66,0.9556,0.9158110882956879,0.022020670608760694,0.9413009826660156,0.18937731132507324,0.0065,0.018554602479934706,-0.01028731708526609,0.9311000108718872,0.9204999804496765
model_0025,class_imbalance,0.75,67,0.9243,0.7661795407098121,0.05924592519444815,0.9030180648803711,0.30673262329101564,0.0076,-0.05800585856481352,0.014951055905921606,0.8865000009536743,0.8420000076293945
model_0026,label_noise,0.75,68,0.9416,0.8910505836575876,0.029675503803725706,0.48662176361083986,1.7122228363037109,0.0,0.8918039493560791,-0.010599501323699967,0.9289000034332275,0.9416000247001648
model_0027,shortcut,0.75,69,0.8064,0.24435318275154005,0.22454813747691826,0.8502384429931641,0.43115601806640624,0.0224,-0.5041227672696114,0.12047804489135738,0.9857000112533569,0.4341999888420105
model_0028,healthy,0.0,70,0.9514,0.9195736434108527,0.021834104057238894,0.9356685165405273,0.20736138610839844,0.0064,0.018810765361785886,-0.01052284727096564,0.9104999899864197,0.8766000270843506
model_0029,class_imbalance,1.0,71,0.8108,0.15195071868583163,0.29465681699314084,0.8755511138916016,0.36252144317626955,0.0187,-0.3678094935823726,0.061414444121442036,0.8115000128746033,0.7972000241279602
model_0030,label_noise,1.0,72,0.9349,0.8542094455852156,0.03687367592428429,0.4055204559326172,1.8917531188964845,0.0,0.9186528671264648,-0.008898955726623525,0.9294000267982483,0.9157999753952026
model_0031,shortcut,1.0,73,0.748,0.048254620123203286,0.27763150159752825,0.8456970748901367,0.41803908767700193,0.0396,-0.7642610201358795,0.12841053791046142,0.9854999780654907,0.38499999046325684
model_0032,healthy,0.0,74,0.9544,0.9147843942505134,0.020425123159002134,0.9378185119628907,0.19955767707824706,0.0063,0.018582360982894897,-0.01044419326782231,0.9136999845504761,0.9262999892234802
model_0033,class_imbalance,0.25,75,0.9374,0.8307174887892377,0.039565904186007736,0.9170190719604492,0.2619768478393555,0.0059,-0.0002877071610108417,0.0005385190637299253,0.9017000198364258,0.8982999920845032
model_0034,label_noise,0.25,76,0.9535,0.9306243805748265,0.019776559369397043,0.6937170333862305,1.1180097778320313,0.0,0.6866105507850646,-0.012715628814697233,0.9458000063896179,0.9373000264167786
model_0035,shortcut,0.25,77,0.7245,0.033880903490759756,0.33403700981648093,0.857228857421875,0.4049506065368652,0.0684,-0.8386171942830086,0.11951387271881109,0.982699990272522,0.3626999855041504
model_0036,healthy,0.0,78,0.9536,0.9246778989098117,0.022845466541534788,0.9434357940673828,0.1852084243774414,0.0069,0.015111329364776604,-0.009626158714294397,0.916100025177002,0.8701000213623047
model_0037,class_imbalance,0.5,79,0.9022,0.6724806201550387,0.09566562308893554,0.9041609451293945,0.2862861312866211,0.0148,-0.09862320662584109,0.012777908189940401,0.8593000173568726,0.8826000094413757
model_0038,label_noise,0.5,80,0.9454,0.8701684836471755,0.036219082214277276,0.5983854248046875,1.4040000030517579,0.0,0.8473217226028442,-0.010074237442016631,0.9362999796867371,0.9406999945640564
model_0039,shortcut,0.5,81,0.7483,0.16529774127310062,0.30002917821776104,0.8591426834106445,0.39165064010620115,0.0544,-0.7167905754774808,0.11798895254135133,0.9865999817848206,0.3869999945163727
model_0040,healthy,0.0,82,0.9362,0.8809034907597536,0.030412193050426643,0.9157003997802734,0.2663890129089356,0.0071,0.01830347976684571,-0.010460485839843714,0.8931000232696533,0.9014999866485596
model_0041,class_imbalance,0.75,83,0.9215,0.7433102081268583,0.0778324989268006,0.9039376373291016,0.29535890731811526,0.0081,-0.08417868794641872,0.027238963143506267,0.8938999772071838,0.8747000098228455
model_0042,label_noise,0.75,84,0.9417,0.8939688715953308,0.03236885337043086,0.5134081512451172,1.6331698333740234,0.0,0.9509882083892822,-0.008848763418197625,0.9280999898910522,0.9315000176429749
model_0043,shortcut,0.75,85,0.6813,0.001026694045174538,0.3469310373871321,0.832811343383789,0.4684037734985352,0.0635,-1.1062375761389731,0.13398088378906248,0.9782999753952026,0.33180001378059387
model_0044,healthy,0.0,86,0.9544,0.9114785992217899,0.022087330610329713,0.9388894287109375,0.19679855613708497,0.0052,0.008185754561424258,-0.008334506130218466,0.9124000072479248,0.8984000086784363
model_0045,class_imbalance,1.0,87,0.8806,0.5323590814196242,0.1325071134236967,0.8830829681396485,0.3532287239074707,0.0164,-0.1919588371374502,0.0332302949300638,0.8228999972343445,0.8246999979019165
model_0046,label_noise,1.0,88,0.9382,0.8852140077821011,0.03625168694760447,0.4153519737243652,1.8788436401367188,0.0,0.9389282945632934,-0.007891783857345569,0.9323999881744385,0.9344000220298767
model_0047,shortcut,1.0,89,0.7867,0.11909650924024641,0.2630051272094572,0.8572961242675782,0.4035123908996582,0.0346,-0.5669851904451847,0.11895163774490358,0.9854000210762024,0.36090001463890076
model_0048,healthy,0.0,90,0.9529,0.9186046511627907,0.020963522815641455,0.942091665649414,0.18739790267944337,0.006,0.016792438793182374,-0.009687370014190622,0.9143999814987183,0.8967000246047974
model_0049,class_imbalance,0.25,91,0.9179,0.7425742574257426,0.07654659929506115,0.902218473815918,0.29946210708618165,0.0089,-0.07932132040398482,0.022123036522034067,0.8662999868392944,0.8824999928474426
model_0050,label_noise,0.25,92,0.9507,0.8929633300297324,0.027215527935328953,0.6851620849609374,1.1375118103027344,0.0,0.6922784986495971,-0.009848722934722831,0.9276000261306763,0.9197999835014343
model_0051,shortcut,0.25,93,0.7433,0.022587268993839837,0.29269515870331364,0.8442723617553711,0.4364056709289551,0.0433,-0.7864769649744034,0.1307493744850159,0.9835000038146973,0.31859999895095825
model_0052,healthy,0.0,94,0.9557,0.9114785992217899,0.019882635522124482,0.944212973022461,0.17991284523010254,0.0059,0.017903433108329758,-0.008823127079010007,0.9368000030517578,0.9322999715805054
model_0053,class_imbalance,0.5,95,0.8857,0.4663677130044843,0.14333500214505723,0.8865825225830078,0.34098896484375,0.0122,-0.09965758149325757,0.01859636522384045,0.8476999998092651,0.8307999968528748
model_0054,label_noise,0.5,96,0.9373,0.8798767967145791,0.035222236657608263,0.5991634628295899,1.395573944091797,0.0,0.8583408779144287,-0.01322038536071779,0.9205999970436096,0.9330999851226807
model_0055,shortcut,0.5,97,0.7542,0.1273100616016427,0.2742449635438526,0.8494624649047852,0.4273744499206543,0.0423,-0.6450510585904122,0.12469332036972047,0.9829000234603882,0.30300000309944153
model_0056,healthy,0.0,98,0.9506,0.9007782101167315,0.023843552927348247,0.9378243972778321,0.1997362537384033,0.007,0.003836866903305036,-0.007040322208404559,0.9236999750137329,0.9222999811172485
model_0057,class_imbalance,0.75,99,0.9055,0.6744186046511628,0.11042209834316558,0.9127662460327148,0.25693712158203125,0.0135,-0.12675009261294487,0.02027758753847031,0.8557000160217285,0.8790000081062317
model_0058,label_noise,0.75,100,0.94,0.8866279069767442,0.027347042851629273,0.4910856262207031,1.6958767303466797,0.0,0.9025890119552612,-0.00803549265861514,0.9397000074386597,0.9476000070571899
model_0059,shortcut,0.75,101,0.7538,0.050308008213552365,0.2885925661453201,0.8597652709960938,0.3968603981018066,0.0414,-0.716980529165268,0.11435565166473394,0.9837999939918518,0.3898000121116638
model_0060,healthy,0.0,102,0.9521,0.9153696498054474,0.02054384682495866,0.936692465209961,0.2032473358154297,0.0044,0.016779972982406605,-0.00812021913528449,0.9236999750137329,0.9355000257492065
model_0061,class_imbalance,1.0,103,0.8126,0.1565906838453915,0.26786890634929367,0.8457519241333008,0.44217989196777346,0.0132,-0.32411073396846457,0.06298317078506765,0.7197999954223633,0.7962999939918518
model_0062,label_noise,1.0,104,0.9359,0.8939544103072349,0.031803804213788284,0.3953243995666504,1.9147825378417969,0.0,0.8989098058700561,-0.007712565231323243,0.9187999963760376,0.9157000184059143
model_0063,shortcut,1.0,105,0.7313,0.08418891170431211,0.3018163193955621,0.8442320983886719,0.44338478927612307,0.0464,-0.7481069034576415,0.12778093080520636,0.9829999804496765,0.3393999934196472
model_0064,healthy,0.0,106,0.9573,0.9241245136186771,0.022612630804325684,0.9465614044189453,0.1713913158416748,0.0049,0.00978516137599944,-0.006620774459838885,0.9247000217437744,0.9344000220298767
model_0065,class_imbalance,0.25,107,0.9455,0.8747390396659708,0.032904108124686096,0.9267976501464844,0.23698631553649901,0.0075,-0.00510739884518735,-0.0038986059039087806,0.9146999716758728,0.8935999870300293
model_0066,label_noise,0.25,108,0.9471,0.8798767967145791,0.033454986307528155,0.6881889495849609,1.1177022094726563,0.0,0.7054902502059937,-0.013754993534088156,0.9136000275611877,0.9232000112533569
model_0067,shortcut,0.25,109,0.7651,0.11088295687885011,0.2740656928739718,0.8528018905639648,0.4185826126098633,0.0339,-0.6084212568223477,0.12098725490570073,0.9842000007629395,0.38679999113082886
model_0068,healthy,0.0,110,0.9533,0.9106776180698152,0.025506892453759224,0.9410059326171875,0.1886521354675293,0.0064,0.01610013849735259,-0.0113691422462463,0.9035000205039978,0.8848000168800354
model_0069,class_imbalance,0.5,111,0.8988,0.5780287474332649,0.12678027230549543,0.9021882965087891,0.289719962310791,0.0113,-0.12849685376356107,0.03282911701978042,0.885200023651123,0.8888999819755554
model_0070,label_noise,0.5,112,0.9381,0.869653767820774,0.03611453479671281,0.580037776184082,1.4507183868408202,0.0,0.8201388479232787,-0.009137251281738257,0.9294999837875366,0.9293000102043152
model_0071,shortcut,0.5,113,0.735,0.09650924024640657,0.3005472266780401,0.8483163208007812,0.4259762825012207,0.048,-0.7770330769300461,0.12332125244140624,0.9824000000953674,0.34689998626708984
model_0072,healthy,0.0,114,0.9549,0.9137577002053389,0.022739687962982116,0.939057846069336,0.1978360038757324,0.0064,0.017349524641037006,-0.011235337066650364,0.9269000291824341,0.8991000056266785
model_0073,class_imbalance,0.75,115,0.8938,0.38228699551569506,0.1708060776737738,0.90187412109375,0.29665514907836915,0.0117,-0.11398300485916191,0.020292418706629678,0.8517000079154968,0.8169999718666077
model_0074,label_noise,0.75,116,0.9408,0.882295719844358,0.02945390913887478,0.4919434173583984,1.6909254119873047,0.0,0.9115785905838013,-0.01281558389663695,0.9325000047683716,0.9215999841690063
model_0075,shortcut,0.75,117,0.7898,0.13449691991786447,0.2571545674859407,0.8612790710449219,0.3932580680847168,0.0325,-0.5281510779380798,0.11226055164337156,0.9848999977111816,0.41850000619888306
model_0076,healthy,0.0,118,0.9407,0.9011627906976745,0.024509140191759014,0.9288070907592774,0.22467486724853516,0.0081,0.020253133153915415,-0.006386957645416191,0.9138000011444092,0.9038000106811523
model_0077,class_imbalance,1.0,119,0.8359,0.3531128404669261,0.22584834778379673,0.8916380477905274,0.3084411209106445,0.0369,-0.30714722825090957,0.030853246260121314,0.8054999709129333,0.8539999723434448
model_0078,label_noise,1.0,120,0.93,0.8832684824902723,0.03313873091885977,0.41381216430664064,1.8756101013183595,0.0,0.9439619441986083,-0.006675824642181416,0.9358000159263611,0.9305999875068665
model_0079,shortcut,1.0,121,0.7391,0.10472279260780287,0.30098604835316495,0.8540863357543945,0.4189843330383301,0.0585,-0.7512227550029754,0.12222907133102423,0.9846000075340271,0.3046000003814697
model_0080,healthy,0.0,122,0.953,0.9004106776180698,0.025260403580566457,0.9384276153564454,0.1980376094818115,0.0054,0.023704657602310192,-0.009109550571441583,0.920799970626831,0.900600016117096
model_0081,class_imbalance,0.25,123,0.9331,0.8285431119920713,0.047654206299387165,0.9150125305175781,0.2642643264770508,0.0061,-0.025338165414349773,0.008923837985947758,0.8865000009536743,0.8626999855041504
model_0082,label_noise,0.25,124,0.9538,0.9260700389105059,0.021643689826766288,0.6814041336059571,1.1560883178710937,0.0,0.6782650606155396,-0.013065834808349663,0.9333999752998352,0.9488000273704529
model_0083,shortcut,0.25,125,0.7965,0.23716632443531827,0.25222629350818654,0.8585080993652344,0.40183022613525393,0.0298,-0.5114158268690109,0.11792981595993035,0.9855999946594238,0.39590001106262207
model_0084,healthy,0.0,126,0.9543,0.9276511397423192,0.020502339212443436,0.9407279357910157,0.1905133918762207,0.0062,0.01766869175434113,-0.009506370735168468,0.9207000136375427,0.9316999912261963
model_0085,class_imbalance,0.5,127,0.9422,0.8851774530271399,0.028812182959070325,0.9248776809692383,0.2429146942138672,0.0079,-0.01629959379863269,0.0005659575063019506,0.9157999753952026,0.9330999851226807
model_0086,label_noise,0.5,128,0.9489,0.8891050583657587,0.030933435772883495,0.5945752792358399,1.4162817260742186,0.0,0.8461355949401856,-0.0089429153442383,0.9388999938964844,0.9435999989509583
model_0087,shortcut,0.5,129,0.7576,0.09240246406570841,0.2768604188728738,0.8602899444580078,0.39581900100708006,0.0531,-0.6496815807819366,0.11635589179992678,0.9819999933242798,0.36390000581741333
model_0088,healthy,0.0,130,0.9601,0.9271047227926078,0.01928304811222472,0.9430632659912109,0.18390821380615235,0.0051,0.022124741291999817,-0.00778041162490839,0.9264000058174133,0.909500002861023
model_0089,class_imbalance,0.75,131,0.893,0.5030800821355236,0.14688300015196906,0.8974478958129882,0.306265625,0.013,-0.16347412167889527,0.040347056596093944,0.848800003528595,0.8747000098228455
model_0090,label_noise,0.75,132,0.9407,0.8900778210116731,0.03213135687989533,0.497582487487793,1.683013104248047,0.0,0.9143569747924805,-0.00947060513496395,0.9312000274658203,0.9294999837875366
model_0091,shortcut,0.75,133,0.7798,0.22176591375770022,0.26063693162103607,0.847752751159668,0.4318137023925781,0.0266,-0.5652514701724052,0.1215496710777283,0.9843999743461609,0.4228000044822693
model_0092,healthy,0.0,134,0.9538,0.889990089197225,0.02772566455897271,0.9405811126708984,0.18868551635742187,0.0063,0.022108637619018573,-0.010570112609863291,0.9014999866485596,0.8955000042915344
model_0093,class_imbalance,1.0,135,0.8704,0.25112107623318386,0.2078305728807441,0.8840811660766602,0.355450643157959,0.016,-0.17532675550507565,0.02993011151006597,0.8208000063896179,0.8087000250816345
model_0094,label_noise,1.0,136,0.9435,0.9075875486381323,0.02656446754162401,0.4095044540405273,1.8863809875488282,0.0,0.9301084615707397,-0.008036231422424323,0.9314000010490417,0.9248999953269958
model_0095,shortcut,1.0,137,0.7294,0.043121149897330596,0.30935173809935695,0.8484892379760742,0.42754709320068357,0.0496,-0.8706820712208747,0.1237529388427735,0.9835000038146973,0.3580000102519989
model_0096,healthy,0.0,138,0.939,0.8957399103139013,0.028311728549218942,0.9229042755126953,0.242840682220459,0.0078,0.02106107592582701,-0.01166943740844728,0.9028000235557556,0.8756999969482422
model_0097,class_imbalance,0.25,139,0.9239,0.7965116279069767,0.05703888504107988,0.9164670761108399,0.2575963066101074,0.0112,-0.04528370711160312,0.002292860390510021,0.8899999856948853,0.8784000277519226
model_0098,label_noise,0.25,140,0.942,0.86652977412731,0.034207689877262026,0.6877289459228516,1.1144616546630859,0.0,0.7029178909301759,-0.013111969852447558,0.9070000052452087,0.906000018119812
model_0099,shortcut,0.25,141,0.7549,0.16324435318275154,0.2730474654289675,0.847301530456543,0.4271180458068848,0.0427,-0.6398605443716049,0.1308831296920776,0.9847999811172485,0.35580000281333923
model_0100,healthy,0.0,142,0.9607,0.9024640657084189,0.024934956758575696,0.9475114990234375,0.1675716091156006,0.0049,0.015565241718292239,-0.006825033283233584,0.9052000045776367,0.8967000246047974
